"","id","Condition","Task","ElectrodeSite","ern.l","ern.v","p1.l","p1.v","n1.l","n1.v","p2.l","p2.v","n300.l","n300.v","p3.l","p3.v","n400.l","n400.v","p4.l","p4.v","lpc.l","lpc.v"
"1",103,"congruent","stroop","fz","278","2.720535","112","-2.513643","112","-2.513643","218","6.193868","272","2.306198","278","2.720535","334","-2.48911","392","2.132707","636","-0.43421"
"2",103,"congruent","stroop","pz","278","3.918779","66","-2.968678","66","-2.968678","184","5.028199","236","-1.556051","278","3.918779","310","3.392691","398","8.750664","644","4.316277"
"3",103,"congruent","stroop","cz","280","4.186045","114","-3.435485","114","-3.435485","208","5.250103","238","2.114039","280","4.186045","320","2.533932","394","7.868053","636","2.169712"
"4",103,"congruent","simon","fz","406","4.155901","100","-0.179675","100","-0.179675","186","3.338801","292","-2.709807","406","4.155901","538","-0.938838","586","0.004646","650","0.455055"
"5",103,"congruent","simon","pz","414","11.036613","72","-1.865753","72","-1.865753","186","2.413036","240","-2.112232","414","11.036613","514","7.087652","542","6.40559","728","2.745699"
"6",103,"congruent","simon","cz","414","9.008016","102","-1.158493","102","-1.158493","206","3.179114","262","-0.67245","414","9.008016","300","2.07428","510","4.525122","608","2.121801"
"7",104,"congruent","stroop","fz","354","5.046932","124","-3.132061","124","-3.132061","218","2.540266","256","0.966945","354","5.046932","468","0.1539","486","0.436718","760","-0.55832"
"8",104,"congruent","stroop","pz","354","6.618902","88","-2.078302","88","-2.078302","204","1.740573","158","-1.551143","354","6.618902","492","3.792468","508","3.984698","762","1.030218"
"9",104,"congruent","stroop","cz","354","8.045033","124","-2.571107","124","-2.571107","208","2.205254","246","0.597493","354","8.045033","482","3.092115","590","-0.541723","762","0.621692"
"10",105,"congruent","stroop","fz","432","0.502163","128","-4.470026","128","-4.470026","226","4.477813","322","-5.273044","432","0.502163","504","-2.719122","594","-0.963018","720","0.990429"
"11",105,"congruent","stroop","pz","430","5.504877","138","-4.123346","138","-4.123346","196","1.176027","298","-2.332155","430","5.504877","494","1.943699","538","3.076729","648","3.060335"
"12",105,"congruent","stroop","cz","432","4.797932","132","-4.963352","132","-4.963352","224","3.063602","302","-2.687405","432","4.797932","498","1.146073","540","2.426228","648","3.270678"
"13",105,"congruent","simon","fz","418","5.430871","144","-4.64965","144","-4.64965","244","0.090373","186","-5.259585","418","5.430871","470","1.957071","502","2.181718","782","2.20964"
"14",105,"congruent","simon","pz","410","9.758063","128","-3.905738","128","-3.905738","206","1.609209","232","-0.993268","410","9.758063","494","3.96219","504","4.083013","640","2.270865"
"15",105,"congruent","simon","cz","416","9.732379","142","-4.163885","142","-4.163885","260","2.165219","294","0.86373","416","9.732379","494","4.307846","532","3.422922","628","2.973786"
"16",106,"congruent","stroop","fz","270","3.275423","100","-1.666638","100","-1.666638","206","3.595323","230","2.744144","270","3.275423","490","-2.30265","388","0.566684","762","-1.297657"
"17",106,"congruent","stroop","pz","354","4.784324","128","-3.167186","128","-3.167186","190","5.970491","238","2.340157","354","4.784324","492","1.779742","456","3.825548","762","1.895034"
"18",106,"congruent","stroop","cz","304","4.633692","118","-2.683402","118","-2.683402","190","3.892936","228","1.606218","304","4.633692","490","2.03347","548","2.524263","616","1.866167"
"19",106,"congruent","simon","fz","372","5.291428","106","-2.658885","106","-2.658885","220","2.666343","162","-2.517268","372","5.291428","476","-2.153517","552","-1.726741","792","-0.040765"
"20",106,"congruent","simon","pz","348","6.787825","82","-1.130381","82","-1.130381","154","3.315696","224","1.205359","348","6.787825","486","2.308428","542","2.926336","636","1.981779"
"21",106,"congruent","simon","cz","374","6.064311","100","-2.672063","100","-2.672063","234","2.726445","262","0.433599","374","6.064311","506","0.024036","568","0.653529","792","1.058063"
"22",108,"congruent","stroop","fz","394","-3.664984","76","-2.15463","76","-2.15463","234","3.038628","336","-5.894131","394","-3.664984","446","-4.404796","588","0.559607","788","2.232015"
"23",108,"congruent","stroop","pz","394","-0.76252","74","-2.122714","74","-2.122714","172","1.230853","340","-4.099257","394","-0.76252","456","-1.942966","544","1.011884","654","1.82615"
"24",108,"congruent","stroop","cz","394","-2.814256","112","-3.296958","112","-3.296958","230","2.818364","336","-5.361296","394","-2.814256","448","-3.874074","546","0.250801","652","1.612701"
"25",108,"congruent","simon","fz","400","1.137097","110","-3.508016","110","-3.508016","154","-1.3146","174","-2.3585","400","1.137097","478","-3.678159","588","-0.714237","754","1.06891"
"26",108,"congruent","simon","pz","392","4.011192","112","-2.112698","112","-2.112698","148","2.278455","220","-3.342548","392","4.011192","482","-0.702978","558","1.157355","758","-0.652019"
"27",108,"congruent","simon","cz","392","2.382467","110","-4.153866","110","-4.153866","152","-0.632339","232","-3.301695","392","2.382467","466","-2.846741","560","-0.468649","756","0.262922"
"28",109,"congruent","stroop","fz","290","-8.764753","106","0.730495","106","0.730495","182","3.29193","274","-9.494147","290","-8.764753","398","-17.011894","450","-14.282676","794","0.871762"
"29",109,"congruent","stroop","pz","360","-2.392797","138","-0.257923","138","-0.257923","182","2.521153","274","-6.146029","360","-2.392797","456","-6.784173","518","-5.442501","780","-0.531417"
"30",109,"congruent","stroop","cz","312","-6.883772","116","0.233015","116","0.233015","182","2.324586","272","-8.213656","312","-6.883772","408","-12.627892","556","-9.616801","780","0.665896"
"31",109,"congruent","simon","fz","330","-0.302826","88","-1.738084","88","-1.738084","170","-0.865641","244","-4.325184","330","-0.302826","420","-3.048799","532","0.481516","760","0.141879"
"32",109,"congruent","simon","pz","448","2.138057","138","-0.862413","138","-0.862413","160","1.640247","242","-1.690331","448","2.138057","334","0.450729","584","1.086672","626","0.47995"
"33",109,"congruent","simon","cz","330","1.494905","138","-2.180484","138","-2.180484","172","-0.198768","240","-2.558328","330","1.494905","356","1.167927","466","2.26676","742","0.188961"
"34",110,"congruent","stroop","fz","322","3.542109","106","-2.450337","106","-2.450337","178","4.174816","274","0.919971","322","3.542109","472","-1.030523","546","-0.421652","756","0.097988"
"35",110,"congruent","stroop","pz","322","3.61814","72","-2.395359","72","-2.395359","188","5.126637","282","1.569342","322","3.61814","464","0.307946","518","0.21559","696","-0.509805"
"36",110,"congruent","stroop","cz","320","4.549165","82","-3.16652","82","-3.16652","186","4.324261","260","2.095167","320","4.549165","442","-0.353797","490","0.493134","696","-0.096341"
"37",110,"congruent","simon","fz","310","7.713484","96","-5.689156","96","-5.689156","176","-1.214526","218","-6.383289","310","7.713484","446","-4.896424","514","-2.396346","780","-0.267094"
"38",110,"congruent","simon","pz","334","8.939519","108","-2.189261","108","-2.189261","188","2.026144","222","-0.320336","334","8.939519","498","-1.659852","510","-1.461345","770","-0.484209"
"39",110,"congruent","simon","cz","316","10.429099","96","-5.520747","96","-5.520747","180","0.573981","218","-3.798577","316","10.429099","458","-2.648741","514","-2.465129","780","-0.406605"
"40",111,"congruent","stroop","fz","370","0.468393","120","-2.683755","120","-2.683755","198","5.343234","316","-2.356602","370","0.468393","490","-3.455025","592","0.465567","740","-1.283945"
"41",111,"congruent","stroop","pz","370","9.595463","108","-0.234155","108","-0.234155","190","7.079607","238","-1.435722","370","9.595463","490","4.856577","534","4.528615","740","0.165328"
"42",111,"congruent","stroop","cz","370","3.138035","118","-2.982992","118","-2.982992","188","6.144506","288","-2.108367","370","3.138035","490","-0.416915","600","0.592745","742","-0.674807"
"43",111,"congruent","simon","fz","368","2.33885","116","-4.811027","116","-4.811027","182","-1.3146","242","-4.898179","368","2.33885","466","-5.077242","510","-3.748091","736","-2.992352"
"44",111,"congruent","simon","pz","324","11.09332","106","-1.226747","106","-1.226747","182","3.698904","228","-3.985193","324","11.09332","470","2.490437","500","1.855018","794","0.953271"
"45",111,"congruent","simon","cz","352","4.91385","112","-4.635273","112","-4.635273","154","1.195524","230","-6.265593","352","4.91385","466","-2.847597","500","-2.007277","794","0.038926"
"46",112,"congruent","stroop","fz","282","8.414344","106","-3.944938","106","-3.944938","220","11.221916","276","7.988996","282","8.414344","492","-17.08712","532","-18.019728","768","-7.904182"
"47",112,"congruent","stroop","pz","254","8.551171","140","-1.911555","140","-1.911555","218","7.48538","240","6.527258","254","8.551171","440","-2.780811","486","-1.656855","766","-3.086463"
"48",112,"congruent","stroop","cz","284","7.67626","108","-3.681728","108","-3.681728","218","9.102153","240","7.840866","284","7.67626","444","-6.498114","486","-7.381234","766","-5.322605"
"49",113,"congruent","stroop","fz","360","-2.032967","96","-4.160848","96","-4.160848","216","14.173129","322","-0.187534","360","-2.032967","470","-12.448833","572","-11.098918","794","-8.521604"
"50",113,"congruent","stroop","pz","354","3.46185","78","-3.794574","78","-3.794574","180","11.260292","294","5.79994","354","3.46185","436","-2.986946","570","-9.040356","784","-4.244551"
"51",113,"congruent","stroop","cz","358","0.45609","84","-3.894564","84","-3.894564","216","13.286902","320","2.054613","358","0.45609","480","-10.672626","572","-10.49955","794","-6.918667"
"52",113,"congruent","simon","fz","346","9.490646","104","-6.792297","104","-6.792297","194","3.603855","244","1.156561","346","9.490646","456","-0.736702","514","1.600729","770","1.972369"
"53",113,"congruent","simon","pz","346","11.578186","78","-3.275472","78","-3.275472","154","2.588507","210","0.489259","346","11.578186","456","1.747326","536","3.263578","770","3.631062"
"54",113,"congruent","simon","cz","346","10.895806","102","-6.110725","102","-6.110725","194","3.445868","246","1.744715","346","10.895806","456","0.691696","548","2.382881","770","3.143955"
"55",115,"congruent","stroop","fz","278","3.881132","84","-1.233116","84","-1.233116","218","6.30694","270","3.291446","278","3.881132","428","-7.169088","570","-16.602877","780","-10.939984"
"56",115,"congruent","stroop","pz","308","7.180825","148","-1.23242","148","-1.23242","214","4.12379","246","2.289664","308","7.180825","474","-2.869927","572","-4.893329","620","-5.939339"
"57",115,"congruent","stroop","cz","278","6.214256","138","-1.117649","138","-1.117649","220","6.806835","254","5.532921","278","6.214256","428","-2.629358","572","-9.168132","620","-9.670741"
"58",115,"congruent","simon","fz","372","0.478745","92","-1.129852","92","-1.129852","154","1.458315","242","-3.540453","372","0.478745","462","-3.654965","596","-1.759511","746","-1.841881"
"59",115,"congruent","simon","pz","366","2.531449","76","0.897799","76","0.897799","172","-0.585113","234","-1.323117","366","2.531449","496","-0.442492","586","-0.407281","754","-0.348562"
"60",115,"congruent","simon","cz","364","1.695732","94","-1.87266","94","-1.87266","154","0.366435","242","-0.759141","364","1.695732","494","-2.356506","590","-0.832744","710","-2.91758"
"61",116,"congruent","stroop","fz","452","0.209692","116","-2.960431","116","-2.960431","242","2.59113","338","-3.213073","452","0.209692","336","-3.277813","512","-1.142416","630","-1.651758"
"62",116,"congruent","stroop","pz","374","8.71243","102","-1.828317","102","-1.828317","230","7.322884","294","4.731641","374","8.71243","420","7.655029","518","9.425732","618","6.967678"
"63",116,"congruent","stroop","cz","408","5.015016","116","-3.545844","116","-3.545844","232","5.478166","304","2.485149","408","5.015016","422","4.604129","514","5.872288","630","4.155508"
"64",116,"congruent","simon","fz","286","-0.203987","110","-5.804081","110","-5.804081","182","-1.210346","228","-2.62445","286","-0.203987","374","-2.202453","516","1.288474","642","0.239471"
"65",116,"congruent","simon","pz","366","12.779716","104","-2.224252","104","-2.224252","216","5.356616","158","1.89484","366","12.779716","490","5.060908","514","5.288694","640","0.917261"
"66",116,"congruent","simon","cz","398","8.460326","108","-5.419561","108","-5.419561","194","1.088654","198","1.090628","398","8.460326","490","4.488924","514","4.729239","642","0.843338"
"67",117,"congruent","stroop","fz","372","6.54744","112","-5.569303","112","-5.569303","200","8.75214","312","0.437258","372","6.54744","474","-0.685741","572","0.862222","620","1.003633"
"68",117,"congruent","stroop","pz","374","8.592958","112","-4.658108","112","-4.658108","212","6.677452","312","4.61258","374","8.592958","480","3.026975","578","3.392428","620","3.234464"
"69",117,"congruent","stroop","cz","372","8.363153","112","-6.427712","112","-6.427712","200","8.345084","312","3.242801","372","8.363153","470","1.747897","578","2.992624","620","3.520073"
"70",117,"congruent","simon","fz","356","1.084531","148","-1.869746","148","-1.869746","232","-0.665005","300","-1.103525","356","1.084531","312","-0.939876","592","1.443172","712","1.568272"
"71",117,"congruent","simon","pz","274","1.058573","134","-1.321156","134","-1.321156","194","0.467577","242","-0.378134","274","1.058573","486","-0.242611","590","0.817912","614","0.754196"
"72",117,"congruent","simon","cz","274","0.93369","98","-1.302642","98","-1.302642","180","-0.121346","242","-0.841375","274","0.93369","318","-0.341822","590","1.905852","712","1.106834"
"73",118,"congruent","simon","fz","262","2.82835","94","-4.367619","94","-4.367619","146","-1.851615","170","-2.988427","262","2.82835","390","-2.470234","582","-2.415005","792","0.00042"
"74",118,"congruent","simon","pz","262","2.259452","70","-2.482313","70","-2.482313","164","0.112755","204","-2.151351","262","2.259452","390","-1.545921","532","-0.567032","698","1.13494"
"75",118,"congruent","simon","cz","262","3.759331","88","-5.031076","88","-5.031076","196","-0.743167","170","-4.016891","262","3.759331","390","-2.11435","528","-1.767604","696","-0.192839"
"76",120,"congruent","simon","fz","322","4.729672","100","-3.956689","100","-3.956689","124","-0.99941","134","-1.794236","322","4.729672","482","-2.10038","574","-0.587599","790","1.917631"
"77",120,"congruent","simon","pz","352","11.879902","78","-5.15729","78","-5.15729","202","4.23281","240","-0.034262","352","11.879902","494","1.214776","568","2.236586","784","1.303431"
"78",120,"congruent","simon","cz","358","9.526643","114","-3.977887","114","-3.977887","192","4.777575","236","1.814171","358","9.526643","486","-0.0159","526","0.528134","792","1.05959"
"79",121,"congruent","stroop","fz","366","5.644444","102","-8.876849","102","-8.876849","164","3.770293","226","-2.72243","366","5.644444","456","0.359082","518","0.30691","624","-0.215989"
"80",121,"congruent","stroop","pz","362","9.463485","98","-3.327584","98","-3.327584","162","5.535301","230","-2.219031","362","9.463485","448","6.787502","520","6.284295","788","1.952979"
"81",121,"congruent","stroop","cz","366","6.498726","100","-7.620415","100","-7.620415","164","5.387374","228","-2.670857","366","6.498726","434","1.950186","518","1.546307","622","0.316279"
"82",121,"congruent","simon","fz","336","4.007162","98","-7.577011","98","-7.577011","164","-4.237895","186","-5.68383","336","4.007162","460","-7.728635","598","-1.435654","694","1.676539"
"83",121,"congruent","simon","pz","340","12.706116","94","-2.017329","94","-2.017329","162","0.242192","218","-4.743095","340","12.706116","446","5.416943","506","4.739945","642","3.617729"
"84",121,"congruent","simon","cz","340","8.17483","96","-5.437744","96","-5.437744","162","-1.229719","222","-6.976444","340","8.17483","446","-2.861432","548","-0.147117","694","2.480674"
"85",122,"congruent","stroop","fz","256","7.853605","104","-2.224747","104","-2.224747","210","7.371939","228","7.206482","256","7.853605","426","-6.635979","452","-6.472832","794","-5.514756"
"86",122,"congruent","stroop","pz","310","9.678005","74","-2.423107","74","-2.423107","216","11.036956","262","9.793457","310","9.678005","462","-2.156566","484","-1.779905","666","-2.138243"
"87",122,"congruent","stroop","cz","256","10.212564","104","-1.855094","104","-1.855094","222","10.056817","230","9.927937","256","10.212564","464","-3.399623","490","-3.483779","666","-3.186698"
"88",122,"congruent","simon","fz","324","2.573636","106","-2.997186","106","-2.997186","172","0.946224","232","-1.083098","324","2.573636","432","-2.820653","512","-1.924959","688","-1.784671"
"89",122,"congruent","simon","pz","334","10.447471","76","-3.089586","76","-3.089586","172","3.654609","192","2.879321","334","10.447471","480","0.440353","504","0.694713","706","1.786348"
"90",122,"congruent","simon","cz","332","8.326121","106","-3.408966","106","-3.408966","244","5.034895","188","2.820721","332","8.326121","474","-0.971774","510","-0.71638","790","-1.639023"
"91",123,"congruent","stroop","fz","404","-3.700035","128","-4.073655","128","-4.073655","172","0.743782","290","-8.320899","404","-3.700035","462","-5.513769","502","-3.154088","642","-4.898451"
"92",123,"congruent","stroop","pz","322","2.496843","140","-0.094701","140","-0.094701","186","2.529093","278","-0.568642","322","2.496843","444","0.360425","502","2.633646","642","-0.489665"
"93",123,"congruent","stroop","cz","404","-0.079054","138","-3.078789","138","-3.078789","178","1.123716","288","-4.396942","404","-0.079054","380","-1.441421","504","0.924987","610","-1.729765"
"94",123,"congruent","simon","fz","348","10.311092","84","-5.776904","84","-5.776904","156","-2.725735","234","-5.606505","348","10.311092","460","-3.605814","510","-3.29012","762","-1.449985"
"95",123,"congruent","simon","pz","350","17.798796","74","-3.35503","74","-3.35503","226","0.100444","252","-0.54338","350","17.798796","492","0.608074","634","-2.366393","762","-1.080692"
"96",123,"congruent","simon","cz","350","16.006281","82","-4.237871","82","-4.237871","156","-1.623449","258","-1.280916","350","16.006281","492","-1.842392","638","-2.516385","764","-1.364464"
"97",124,"congruent","stroop","fz","374","3.196317","106","-2.618946","106","-2.618946","226","7.63798","288","-0.223991","374","3.196317","458","-0.487362","586","2.533053","608","2.461271"
"98",124,"congruent","stroop","pz","374","3.482683","80","-0.93531","80","-0.93531","212","5.945443","286","-1.028304","374","3.482683","460","0.11103","586","3.668531","606","3.620962"
"99",124,"congruent","stroop","cz","374","4.060057","80","-2.131096","80","-2.131096","226","6.663313","288","-0.472321","374","4.060057","444","0.864997","586","4.100984","626","3.308233"
"100",124,"congruent","simon","fz","336","3.568771","120","-0.455639","120","-0.455639","156","0.223662","196","-1.738466","336","3.568771","456","-1.347756","578","0.105227","716","0.833151"
"101",124,"congruent","simon","pz","336","6.102269","74","-0.416833","74","-0.416833","158","4.233295","262","0.952395","336","6.102269","476","0.237982","558","1.447963","752","0.442909"
"102",124,"congruent","simon","cz","344","6.69586","82","-0.575574","82","-0.575574","158","1.232575","190","-0.637892","344","6.69586","480","-0.141151","576","0.36362","744","0.498893"
"103",126,"congruent","stroop","fz","260","2.739346","112","-3.99754","112","-3.99754","176","3.985368","204","1.244342","260","2.739346","338","-3.758511","378","-2.006355","792","2.721114"
"104",126,"congruent","stroop","pz","282","2.632345","118","1.85001","118","1.85001","188","4.563784","230","0.870791","282","2.632345","328","0.252094","376","2.101812","782","0.252194"
"105",126,"congruent","stroop","cz","262","2.80054","112","-2.859533","112","-2.859533","180","3.612117","230","1.42311","262","2.80054","328","-0.351387","378","1.76899","784","0.816597"
"106",126,"congruent","simon","fz","348","6.371948","90","-3.219827","90","-3.219827","188","-1.737254","224","-4.102138","348","6.371948","460","-1.353771","550","0.342744","768","2.714958"
"107",126,"congruent","simon","pz","334","7.981546","126","1.87093","126","1.87093","180","5.658117","222","-0.297526","334","7.981546","486","2.21104","568","3.875112","620","3.789108"
"108",126,"congruent","simon","cz","344","9.779273","130","-1.285701","130","-1.285701","190","2.999965","222","0.375191","344","9.779273","488","0.196556","570","2.856498","770","3.868609"
"109",128,"congruent","stroop","fz","398","3.406259","88","-3.220157","88","-3.220157","140","2.480844","254","-1.791547","398","3.406259","468","-1.720586","486","-0.210337","626","-3.236017"
"110",128,"congruent","stroop","pz","360","4.174121","114","1.937931","114","1.937931","158","6.497489","248","-3.703489","360","4.174121","466","0.81785","488","1.63521","620","2.368648"
"111",128,"congruent","stroop","cz","396","4.31918","86","-1.924743","86","-1.924743","158","3.641644","254","-1.802926","396","4.31918","466","0.03166","488","1.095889","618","-0.419731"
"112",128,"congruent","simon","fz","278","1.615272","102","-0.287083","102","-0.287083","152","1.648795","238","0.50909","278","1.615272","442","-1.211647","536","-0.343259","788","0.237592"
"113",128,"congruent","simon","pz","320","6.055654","130","-0.860437","130","-0.860437","154","3.007184","200","-5.402349","320","6.055654","448","2.558575","536","1.227039","790","-0.173435"
"114",128,"congruent","simon","cz","312","4.663042","100","-0.81384","100","-0.81384","152","1.301185","200","-0.770273","312","4.663042","448","1.674926","536","0.817279","788","0.523248"
"115",129,"congruent","stroop","fz","368","2.198068","110","-5.564302","110","-5.564302","200","0.857185","244","-4.563476","368","2.198068","456","-1.066157","534","-0.267922","626","-3.638407"
"116",129,"congruent","stroop","pz","382","8.146237","78","-3.168669","78","-3.168669","200","5.932511","254","-1.237203","382","8.146237","474","4.634846","500","5.090292","662","1.957151"
"117",129,"congruent","stroop","cz","372","7.358578","106","-5.069879","106","-5.069879","200","3.307082","252","-4.051415","372","7.358578","470","3.594503","496","4.09784","644","0.573627"
"118",129,"congruent","simon","fz","302","0.009141","106","-5.46142","106","-5.46142","198","-0.757043","248","-5.851068","302","0.009141","458","-3.477568","582","-4.748575","790","-1.799639"
"119",129,"congruent","simon","pz","368","7.113626","78","-2.626209","78","-2.626209","198","4.08059","246","-0.798616","368","7.113626","462","2.199038","482","2.441994","790","-0.350768"
"120",129,"congruent","simon","cz","378","5.885439","106","-4.312613","106","-4.312613","200","2.697896","246","-2.850133","378","5.885439","458","0.491162","478","0.895709","790","-0.518946"
"121",130,"congruent","stroop","fz","270","1.88324","104","-3.021795","104","-3.021795","204","4.577409","290","1.464336","270","1.88324","448","-1.211379","546","-0.361888","678","1.506412"
"122",130,"congruent","stroop","pz","360","9.675854","100","-3.388024","100","-3.388024","198","4.721575","240","2.746569","360","9.675854","488","5.975006","578","5.155603","610","5.665278"
"123",130,"congruent","stroop","cz","366","6.392928","104","-3.567172","104","-3.567172","212","4.162886","240","2.890714","366","6.392928","486","4.263275","578","4.375174","610","4.802411"
"124",130,"congruent","simon","fz","388","0.597415","152","-3.035156","152","-3.035156","182","-0.151122","264","-3.713246","388","0.597415","456","-3.316526","496","-2.171878","628","0.755271"
"125",130,"congruent","simon","pz","322","4.36646","100","-1.946892","100","-1.946892","222","1.101563","266","-0.177538","322","4.36646","376","3.628452","476","1.922822","786","0.871844"
"126",130,"congruent","simon","cz","328","4.242923","100","-2.707175","100","-2.707175","208","1.841302","264","-0.169165","328","4.242923","456","0.47313","578","0.641556","750","0.872108"
"127",131,"congruent","stroop","fz","310","10.915677","92","-6.014205","92","-6.014205","184","8.358817","210","5.740231","310","10.915677","468","-15.514744","558","-16.096291","748","-5.325562"
"128",131,"congruent","stroop","pz","312","10.37871","92","-2.012154","92","-2.012154","186","5.258435","212","3.704684","312","10.37871","492","-2.947368","552","-3.364461","768","0.054909"
"129",131,"congruent","stroop","cz","312","10.588056","92","-4.032502","92","-4.032502","186","5.984539","208","4.32987","312","10.588056","492","-8.286179","558","-7.518179","748","-1.152792"
"130",131,"congruent","simon","fz","342","7.941729","120","-2.843235","120","-2.843235","186","-0.602541","220","-1.941577","342","7.941729","450","0.225805","486","0.465637","708","-1.21984"
"131",131,"congruent","simon","pz","328","13.227994","54","-0.3819","54","-0.3819","110","3.227339","166","-0.025196","328","13.227994","540","-0.832963","570","-0.821475","760","0.013272"
"132",131,"congruent","simon","cz","332","12.00925","92","-1.837062","92","-1.837062","152","-0.885341","164","-1.386458","332","12.00925","474","1.582782","570","-0.380436","776","0.018015"
"133",132,"congruent","stroop","fz","294","1.940368","102","-3.578522","102","-3.578522","232","2.72331","268","1.3906","294","1.940368","488","-2.968075","526","-2.754861","664","0.207708"
"134",132,"congruent","stroop","pz","338","6.63138","114","-0.629878","114","-0.629878","164","1.916512","240","-0.708097","338","6.63138","442","3.907872","528","5.47823","612","3.580999"
"135",132,"congruent","stroop","cz","336","4.471407","96","-4.017977","96","-4.017977","222","2.72627","264","1.583835","336","4.471407","408","2.069213","508","3.821318","614","4.297983"
"136",132,"congruent","simon","fz","332","8.629373","106","-5.455019","106","-5.455019","192","2.887743","230","0.752602","332","8.629373","436","-3.119847","582","-0.792134","680","3.636202"
"137",132,"congruent","simon","pz","344","13.378306","110","-1.705956","110","-1.705956","158","1.687698","186","-0.411766","344","13.378306","436","4.54731","534","3.885314","660","3.625367"
"138",132,"congruent","simon","cz","330","12.736726","102","-4.607322","102","-4.607322","210","2.346647","226","2.048859","330","12.736726","434","1.74275","526","2.684248","678","4.026037"
"139",103,"incongruent","stroop","fz","426","9.160395","120","-1.592559","120","-1.592559","230","8.115537","316","-5.143435","426","9.160395","512","2.392741","556","8.558396","614","9.192162"
"140",103,"incongruent","stroop","pz","442","12.629936","76","-1.026784","76","-1.026784","182","6.159029","302","1.109168","442","12.629936","514","8.050282","566","9.573524","746","10.098163"
"141",103,"incongruent","stroop","cz","426","11.042171","120","-2.967891","120","-2.967891","180","3.447113","302","-1.806305","426","11.042171","514","6.855702","554","10.019868","624","10.648409"
"142",103,"incongruent","simon","fz","428","3.674279","112","-3.691695","112","-3.691695","212","5.104764","274","-2.6204","428","3.674279","530","-2.071839","564","0.980852","612","0.808231"
"143",103,"incongruent","simon","pz","446","10.406979","66","-3.393274","66","-3.393274","182","1.883597","278","-1.904079","446","10.406979","354","4.786493","510","10.093557","604","8.030768"
"144",103,"incongruent","simon","cz","446","9.765098","112","-3.571287","112","-3.571287","212","3.95705","278","-1.085435","446","9.765098","550","4.522126","580","4.863808","706","2.663098"
"145",104,"incongruent","stroop","fz","322","6.46398","120","-4.020051","120","-4.020051","154","1.46286","176","-0.532121","322","6.46398","468","0.8432","486","1.766125","784","1.790855"
"146",104,"incongruent","stroop","pz","368","6.957756","124","-1.399602","124","-1.399602","206","1.716939","240","-0.469273","368","6.957756","494","3.222767","518","3.309753","692","1.036803"
"147",104,"incongruent","stroop","cz","366","7.924399","122","-3.63211","122","-3.63211","206","1.147141","238","-1.100798","366","7.924399","476","3.183835","518","2.187348","788","2.208413"
"148",105,"incongruent","stroop","fz","424","4.465494","70","-4.573472","70","-4.573472","212","3.100982","312","-3.119542","424","4.465494","532","-3.787384","564","-0.340537","760","3.171738"
"149",105,"incongruent","stroop","pz","416","8.135119","70","-5.78817","70","-5.78817","236","1.277049","278","-0.306888","416","8.135119","474","3.209314","516","3.934072","718","4.56908"
"150",105,"incongruent","stroop","cz","412","8.463635","70","-6.441099","70","-6.441099","218","3.324633","278","-0.643629","412","8.463635","530","1.039074","564","2.904902","732","4.388411"
"151",105,"incongruent","simon","fz","464","1.862098","144","-6.463608","144","-6.463608","244","-0.424561","180","-6.802554","464","1.862098","306","-4.032784","602","3.71721","652","2.301018"
"152",105,"incongruent","simon","pz","412","6.27536","124","-5.064877","124","-5.064877","200","0.918994","234","-3.653916","412","6.27536","540","2.095697","602","5.049494","630","3.754904"
"153",105,"incongruent","simon","cz","426","6.041004","142","-5.471579","142","-5.471579","260","1.248316","294","-1.363542","426","6.041004","542","3.934697","602","6.314498","652","4.757096"
"154",106,"incongruent","stroop","fz","270","2.449846","78","-3.216456","78","-3.216456","156","4.242597","262","1.799649","270","2.449846","338","-5.759644","426","-0.769877","620","-1.135091"
"155",106,"incongruent","stroop","pz","268","3.505955","78","-2.905809","78","-2.905809","182","6.029392","218","2.232196","268","3.505955","338","-1.316421","422","1.525265","746","2.079116"
"156",106,"incongruent","stroop","cz","246","3.111986","94","-3.416047","94","-3.416047","154","3.087649","218","1.575437","246","3.111986","338","-2.051576","422","0.969259","750","2.26504"
"157",106,"incongruent","simon","fz","382","1.767846","110","-4.073019","110","-4.073019","226","2.331007","258","-2.011953","382","1.767846","442","-2.719659","530","0.714383","776","-0.780365"
"158",106,"incongruent","simon","pz","336","7.243687","56","-2.171491","56","-2.171491","230","3.115474","292","1.320182","336","7.243687","494","2.552523","592","4.486621","628","3.931252"
"159",106,"incongruent","simon","cz","362","4.894302","110","-3.839841","110","-3.839841","230","3.95578","264","0.16072","362","4.894302","452","1.544693","554","3.798081","628","3.479514"
"160",108,"incongruent","stroop","fz","420","-4.923244","144","-4.988338","144","-4.988338","224","3.154357","162","-2.645413","420","-4.923244","438","-6.451657","586","-1.108252","604","-0.35823"
"161",108,"incongruent","stroop","pz","400","-3.162591","142","-2.096233","142","-2.096233","216","1.167371","270","-2.364243","400","-3.162591","442","-4.468627","568","-0.813724","606","0.088512"
"162",108,"incongruent","stroop","cz","416","-4.855315","142","-4.732167","142","-4.732167","222","3.654762","272","-2.19149","416","-4.855315","440","-5.802211","606","-0.199815","780","0.041224"
"163",108,"incongruent","simon","fz","420","2.480146","134","-3.46755","134","-3.46755","180","-1.112935","334","-5.298048","420","2.480146","514","-3.172461","540","-1.546606","642","-1.09163"
"164",108,"incongruent","simon","pz","414","5.172722","86","-2.011025","86","-2.011025","172","3.035205","342","-2.099106","414","5.172722","494","-0.049777","540","2.003393","644","1.218648"
"165",108,"incongruent","simon","cz","420","4.248086","108","-3.37041","108","-3.37041","176","-0.271047","336","-4.475426","420","4.248086","500","-2.618337","540","-0.557825","644","0.053495"
"166",109,"incongruent","stroop","fz","294","-8.741886","106","1.133593","106","1.133593","138","5.279459","280","-9.606346","294","-8.741886","386","-16.26033","572","-9.431605","778","-5.468571"
"167",109,"incongruent","stroop","pz","358","-2.181699","140","0.823982","140","0.823982","170","2.851804","258","-5.62875","358","-2.181699","436","-6.607597","570","-2.917391","756","-2.037429"
"168",109,"incongruent","stroop","cz","304","-6.498346","150","0.497494","150","0.497494","184","3.091249","256","-8.219197","304","-6.498346","412","-12.245776","582","-5.757581","780","-3.381555"
"169",109,"incongruent","simon","fz","326","-1.234272","92","-1.343968","92","-1.343968","174","-0.051638","244","-3.731391","326","-1.234272","426","-3.245824","494","-0.013906","780","0.143119"
"170",109,"incongruent","simon","pz","272","-0.260785","138","-0.198166","138","-0.198166","160","2.379675","244","-2.534198","272","-0.260785","380","-0.842766","576","3.193574","606","2.203696"
"171",109,"incongruent","simon","cz","334","0.351257","140","-2.043024","140","-2.043024","178","0.561748","244","-2.757704","334","0.351257","362","-0.422735","546","3.058181","614","2.030869"
"172",110,"incongruent","stroop","fz","356","2.818618","112","-3.639046","112","-3.639046","190","2.937961","274","0.207007","356","2.818618","462","-2.482085","574","0.534959","668","0.156118"
"173",110,"incongruent","stroop","pz","324","2.918217","70","-3.190323","70","-3.190323","180","3.576711","256","0.008271","324","2.918217","482","-0.743631","560","0.874816","706","0.301264"
"174",110,"incongruent","stroop","cz","326","4.008202","102","-4.184184","102","-4.184184","180","2.92537","256","0.941948","326","4.008202","482","-0.462836","574","1.00066","686","0.463991"
"175",110,"incongruent","simon","fz","316","3.56498","96","-3.922133","96","-3.922133","182","-0.016859","222","-5.045467","316","3.56498","346","0.17308","408","4.012915","776","0.082712"
"176",110,"incongruent","simon","pz","356","5.141976","68","-3.922835","68","-3.922835","184","2.807515","224","-1.004475","356","5.141976","390","3.768918","424","4.405992","668","-0.703375"
"177",110,"incongruent","simon","cz","280","4.206359","96","-3.973237","96","-3.973237","182","1.791155","222","-3.357103","280","4.206359","348","2.417657","412","5.284473","742","-0.814056"
"178",111,"incongruent","stroop","fz","406","2.866445","122","-0.869985","122","-0.869985","196","7.187349","328","-3.456296","406","2.866445","490","-5.753851","556","-1.403257","730","2.978285"
"179",111,"incongruent","stroop","pz","412","8.858167","108","1.600976","108","1.600976","188","8.350064","282","-0.342764","412","8.858167","514","1.590622","548","1.810108","724","5.783922"
"180",111,"incongruent","stroop","cz","418","4.526825","120","0.290716","120","0.290716","192","8.715867","290","-2.35386","418","4.526825","494","-2.188063","554","-0.625617","734","4.32435"
"181",111,"incongruent","simon","fz","368","1.832521","118","-2.57055","118","-2.57055","146","2.405729","278","-4.133049","368","1.832521","444","-4.194077","534","-1.611236","752","-0.451685"
"182",111,"incongruent","simon","pz","330","8.839013","104","1.191053","104","1.191053","182","6.615763","234","-1.211233","330","8.839013","438","4.555126","478","5.524137","658","2.001346"
"183",111,"incongruent","simon","cz","372","3.920848","114","-1.677486","114","-1.677486","180","3.642267","236","-4.29613","372","3.920848","434","-1.179508","532","1.272931","760","0.649862"
"184",112,"incongruent","stroop","fz","292","9.340605","132","-1.918855","132","-1.918855","226","14.879288","266","9.719848","292","9.340605","468","-18.751799","494","-15.877696","794","-9.49937"
"185",112,"incongruent","stroop","pz","294","8.70435","132","-2.673124","132","-2.673124","208","8.215712","266","5.338743","294","8.70435","396","-3.791684","478","0.006149","776","-1.752511"
"186",112,"incongruent","stroop","cz","292","9.717957","132","-3.22996","132","-3.22996","208","10.771908","268","7.495017","292","9.717957","468","-8.668416","496","-6.067931","776","-5.227213"
"187",113,"incongruent","stroop","fz","360","-0.817578","94","-4.452742","94","-4.452742","214","16.229006","346","-2.798292","360","-0.817578","474","-11.539997","546","-8.514091","704","-5.539074"
"188",113,"incongruent","stroop","pz","358","4.519699","78","-2.78879","78","-2.78879","212","12.510362","334","1.887316","358","4.519699","474","-6.735052","512","-5.864957","786","-1.136512"
"189",113,"incongruent","stroop","cz","362","1.415055","94","-3.93366","94","-3.93366","214","15.333328","334","-0.81134","362","1.415055","474","-9.888103","546","-7.792963","704","-4.105238"
"190",113,"incongruent","simon","fz","346","9.433536","100","-6.715451","100","-6.715451","206","5.619806","252","0.552132","346","9.433536","420","1.218895","504","4.622226","790","2.232337"
"191",113,"incongruent","simon","pz","326","9.892922","78","-3.522923","78","-3.522923","192","1.801038","252","-0.223357","326","9.892922","444","0.53008","534","3.296694","782","3.533789"
"192",113,"incongruent","simon","cz","346","9.91764","100","-6.138976","100","-6.138976","206","4.392181","260","0.678525","346","9.91764","444","2.391248","504","4.647311","788","3.118492"
"193",115,"incongruent","stroop","fz","266","6.577522","82","-1.253258","82","-1.253258","234","10.680504","258","5.716841","266","6.577522","458","-12.424481","550","-8.383365","724","-9.703677"
"194",115,"incongruent","stroop","pz","292","4.375172","136","-1.976112","136","-1.976112","192","3.480868","256","0.884673","292","4.375172","460","-4.092629","510","1.866713","794","-1.421662"
"195",115,"incongruent","stroop","cz","268","6.068024","136","-1.845205","136","-1.845205","234","8.831487","258","5.107242","268","6.068024","458","-6.794738","524","-1.923602","724","-4.313663"
"196",115,"incongruent","simon","fz","390","-0.462962","82","-0.893709","82","-0.893709","160","0.272689","264","-4.185392","390","-0.462962","520","-5.751081","562","-3.41758","772","-3.351602"
"197",115,"incongruent","simon","pz","374","2.099948","148","-2.23642","148","-2.23642","176","-0.14141","248","-1.818704","374","2.099948","482","-0.874967","542","1.414343","674","0.567801"
"198",115,"incongruent","simon","cz","410","3.306342","140","-1.103194","140","-1.103194","210","1.686345","260","-1.063671","410","3.306342","484","-1.404926","560","-0.634079","680","-1.005122"
"199",116,"incongruent","stroop","fz","388","1.079449","106","-2.984231","106","-2.984231","242","3.705015","326","-3.517913","388","1.079449","458","-4.832167","520","-1.288377","676","-0.721958"
"200",116,"incongruent","stroop","pz","362","10.533592","106","-2.600177","106","-2.600177","210","9.600041","288","4.269981","362","10.533592","456","4.315338","544","7.851602","604","8.233972"
"201",116,"incongruent","stroop","cz","362","5.947824","106","-3.406299","106","-3.406299","240","7.519929","298","2.267011","362","5.947824","456","0.522042","520","5.296696","632","3.662115"
"202",116,"incongruent","simon","fz","290","2.336076","118","-3.700517","118","-3.700517","216","0.361671","258","-0.057544","290","2.336076","434","-4.705151","506","0.599651","752","-0.673747"
"203",116,"incongruent","simon","pz","378","9.880283","92","-2.814922","92","-2.814922","216","4.186181","236","3.007579","378","9.880283","442","4.29951","520","8.962182","604","4.690413"
"204",116,"incongruent","simon","cz","290","6.618601","118","-4.871574","118","-4.871574","188","1.046671","230","2.091373","290","6.618601","442","2.563209","528","6.814994","604","1.687623"
"205",117,"incongruent","stroop","fz","358","6.967783","118","-7.626957","118","-7.626957","204","8.441688","308","-0.378956","358","6.967783","444","-2.647279","538","2.081321","642","3.520366"
"206",117,"incongruent","stroop","pz","360","6.986225","120","-5.707346","120","-5.707346","200","6.640127","308","3.673848","360","6.986225","442","2.13921","528","3.369365","646","5.15187"
"207",117,"incongruent","stroop","cz","360","7.681271","118","-8.26803","118","-8.26803","204","8.059693","306","1.933834","360","7.681271","442","-0.588739","534","3.388069","644","5.305315"
"208",117,"incongruent","simon","fz","276","1.07316","144","-1.394179","144","-1.394179","204","0.379847","246","-1.065631","276","1.07316","328","-1.741197","526","1.881253","772","2.755709"
"209",117,"incongruent","simon","pz","466","1.425581","132","-1.456785","132","-1.456785","206","1.08359","244","0.021064","466","1.425581","514","-0.053525","526","1.339713","622","2.006321"
"210",117,"incongruent","simon","cz","276","1.383973","132","-2.2891","132","-2.2891","206","0.628863","246","-0.564424","276","1.383973","328","-1.1204","526","1.660383","622","2.267623"
"211",118,"incongruent","simon","fz","258","3.959989","86","-3.542871","86","-3.542871","146","-0.862628","170","-3.633275","258","3.959989","318","-0.354442","394","2.092207","778","0.194952"
"212",118,"incongruent","simon","pz","336","4.396175","84","-1.199974","84","-1.199974","162","0.37672","216","-1.937645","336","4.396175","448","-0.02234","508","3.053966","760","1.972629"
"213",118,"incongruent","simon","cz","276","3.816085","120","-3.838814","120","-3.838814","148","-1.673184","176","-4.06578","276","3.816085","308","0.124683","508","2.061997","760","0.873279"
"214",120,"incongruent","simon","fz","284","4.149335","108","-5.865789","108","-5.865789","168","4.06028","226","0.288804","284","4.149335","492","-2.660159","584","-0.343381","782","0.992171"
"215",120,"incongruent","simon","pz","376","9.373953","74","-5.028531","74","-5.028531","194","4.423309","236","-0.967187","376","9.373953","486","3.228404","580","4.441901","630","1.769722"
"216",120,"incongruent","simon","cz","372","8.776932","110","-5.807437","110","-5.807437","186","5.633196","228","1.24823","372","8.776932","494","1.383993","584","2.653398","752","0.174547"
"217",121,"incongruent","stroop","fz","358","3.544559","100","-9.886991","100","-9.886991","162","3.404648","218","-2.115898","358","3.544559","436","-2.143584","476","0.777858","630","1.835809"
"218",121,"incongruent","stroop","pz","356","7.147937","100","-5.011461","100","-5.011461","160","4.41152","220","-3.144805","356","7.147937","442","2.733892","498","4.860527","628","2.49468"
"219",121,"incongruent","stroop","cz","358","3.565032","100","-9.423252","100","-9.423252","160","4.216885","222","-2.824836","358","3.565032","434","-2.422024","486","1.038133","630","0.318731"
"220",121,"incongruent","simon","fz","332","0.402774","94","-6.745987","94","-6.745987","202","-3.555059","180","-5.763257","332","0.402774","436","-5.030395","592","-3.783849","704","1.619596"
"221",121,"incongruent","simon","pz","464","9.417794","60","-2.179955","60","-2.179955","156","0.960976","224","-4.24223","464","9.417794","414","7.745718","530","8.086446","702","3.855168"
"222",121,"incongruent","simon","cz","372","2.410369","92","-4.876573","92","-4.876573","158","-0.126595","224","-6.952455","372","2.410369","434","-0.017567","530","1.708894","704","2.796914"
"223",122,"incongruent","stroop","fz","312","2.732346","106","-3.65295","106","-3.65295","248","8.549001","292","3.843553","312","2.732346","438","-6.410491","512","-5.975393","794","-7.736701"
"224",122,"incongruent","stroop","pz","316","9.684009","76","-1.116258","76","-1.116258","210","12.776454","292","9.529933","316","9.684009","454","-1.512145","544","-0.384683","654","-2.614782"
"225",122,"incongruent","stroop","cz","314","8.117976","106","-1.89687","106","-1.89687","212","10.935761","292","8.491227","314","8.117976","438","-1.904883","512","-1.246123","630","-3.666436"
"226",122,"incongruent","simon","fz","324","4.618236","104","-1.490383","104","-1.490383","168","2.968286","236","-0.652378","324","4.618236","418","-1.869988","562","-0.040182","622","-0.543117"
"227",122,"incongruent","simon","pz","330","10.723905","92","-2.739215","92","-2.739215","168","3.661592","188","2.418031","330","10.723905","438","0.545138","554","4.352802","628","3.491534"
"228",122,"incongruent","simon","cz","328","9.51826","106","-2.846934","106","-2.846934","170","3.833794","186","2.347186","328","9.51826","470","0.536514","562","3.485931","730","-2.083504"
"229",123,"incongruent","stroop","fz","344","-2.881636","140","-4.193693","140","-4.193693","186","0.384029","284","-8.836261","344","-2.881636","424","-7.494401","588","-3.855263","684","-3.091039"
"230",123,"incongruent","stroop","pz","344","5.234871","148","-1.953899","148","-1.953899","200","2.103041","276","-2.40023","344","5.234871","412","-2.670404","590","2.101642","666","1.847068"
"231",123,"incongruent","stroop","cz","346","1.531014","142","-4.401506","142","-4.401506","198","-0.779196","278","-6.585447","346","1.531014","410","-5.142045","590","-0.729359","684","-0.679383"
"232",123,"incongruent","simon","fz","354","1.55873","132","-5.863383","132","-5.863383","158","-4.330519","274","-9.496853","354","1.55873","422","-6.141125","506","1.214224","728","-0.861295"
"233",123,"incongruent","simon","pz","354","15.571209","74","-2.774799","74","-2.774799","232","2.233631","274","-1.719381","354","15.571209","428","2.551964","506","6.302435","622","3.628606"
"234",123,"incongruent","simon","cz","354","11.016685","80","-3.066592","80","-3.066592","230","1.162245","184","-4.830724","354","11.016685","424","-1.491345","506","4.148359","622","1.230774"
"235",124,"incongruent","stroop","fz","400","2.763079","112","-4.924143","112","-4.924143","234","9.52815","316","0.266964","400","2.763079","426","0.390089","494","5.089941","790","2.6569"
"236",124,"incongruent","stroop","pz","396","2.837921","94","-2.674066","94","-2.674066","214","6.966433","316","-1.556836","396","2.837921","466","1.050081","492","3.632607","790","3.533133"
"237",124,"incongruent","stroop","cz","398","3.611363","112","-4.08761","112","-4.08761","230","7.188617","318","-0.212214","398","3.611363","430","2.204098","494","5.543263","790","4.408816"
"238",124,"incongruent","simon","fz","334","2.923037","132","-0.05037","132","-0.05037","202","0.095797","216","-0.899743","334","2.923037","458","-1.175947","552","1.466484","632","1.423504"
"239",124,"incongruent","simon","pz","332","5.851835","116","2.095663","116","2.095663","158","5.946266","242","1.644655","332","5.851835","458","1.536519","556","3.855214","640","3.0486"
"240",124,"incongruent","simon","cz","334","5.249402","116","0.125357","116","0.125357","156","2.274565","244","0.259903","334","5.249402","458","1.316604","554","3.114751","634","2.580322"
"241",126,"incongruent","stroop","fz","264","3.667856","114","-2.678574","114","-2.678574","184","4.775272","204","1.490036","264","3.667856","334","-4.958611","390","-3.199557","784","5.416092"
"242",126,"incongruent","stroop","pz","264","3.531017","116","0.935218","116","0.935218","184","4.769087","230","1.382464","264","3.531017","428","0.031474","500","3.149566","658","1.686959"
"243",126,"incongruent","stroop","cz","264","4.50173","114","-2.447986","114","-2.447986","184","4.303591","232","1.354727","264","4.50173","428","-2.70911","390","0.981308","784","2.727345"
"244",126,"incongruent","simon","fz","364","5.508772","110","-5.206063","110","-5.206063","186","-0.424188","234","-3.240639","364","5.508772","450","-0.948267","536","2.065899","620","1.855651"
"245",126,"incongruent","simon","pz","334","7.001069","124","2.986551","124","2.986551","182","5.767946","224","-0.203567","334","7.001069","432","4.233368","532","5.814749","642","3.600542"
"246",126,"incongruent","simon","cz","362","7.887942","116","-1.96813","116","-1.96813","188","3.49277","224","0.38734","362","7.887942","464","2.798132","532","4.594745","616","2.445865"
"247",128,"incongruent","stroop","fz","412","4.186865","100","-4.979694","100","-4.979694","186","4.413067","214","-2.226981","412","4.186865","480","-1.179099","514","1.154902","606","-0.588928"
"248",128,"incongruent","stroop","pz","404","5.247776","110","1.343592","110","1.343592","166","7.888494","266","-3.411073","404","5.247776","480","1.081223","514","3.975063","660","4.614391"
"249",128,"incongruent","stroop","cz","412","4.79944","100","-3.395263","100","-3.395263","186","5.188916","266","-1.96566","412","4.79944","480","-0.106854","514","3.362146","660","2.003562"
"250",128,"incongruent","simon","fz","260","2.293071","98","-0.644271","98","-0.644271","172","1.497945","228","-0.827073","260","2.293071","462","-1.204326","536","-0.344671","610","0.394244"
"251",128,"incongruent","simon","pz","328","6.120409","132","-1.909666","132","-1.909666","160","2.62434","202","-4.933797","328","6.120409","404","2.044625","512","4.152372","610","2.82262"
"252",128,"incongruent","simon","cz","328","5.494516","132","-1.889836","132","-1.889836","172","1.222216","200","-0.113607","328","5.494516","446","1.527974","512","2.649369","610","2.067248"
"253",129,"incongruent","stroop","fz","366","-1.740831","122","-6.898916","122","-6.898916","200","-0.537408","264","-7.146835","366","-1.740831","446","-7.282854","554","-2.875545","744","0.687534"
"254",129,"incongruent","stroop","pz","368","5.692159","120","-3.975","120","-3.975","184","5.516527","248","-2.718949","368","5.692159","440","1.716169","546","4.222929","704","5.6042"
"255",129,"incongruent","stroop","cz","366","3.972605","122","-6.685625","122","-6.685625","200","2.643164","248","-5.861673","366","3.972605","448","-1.077357","554","3.172338","746","5.073067"
"256",129,"incongruent","simon","fz","426","0.328745","118","-5.382961","118","-5.382961","200","-1.765535","246","-5.927198","426","0.328745","336","-5.19353","512","0.112148","780","-2.335973"
"257",129,"incongruent","simon","pz","380","6.679663","118","-2.947191","118","-2.947191","186","2.956296","246","-1.931686","380","6.679663","444","3.403335","518","4.114397","628","0.586775"
"258",129,"incongruent","simon","cz","384","4.906291","116","-5.803963","116","-5.803963","190","1.71033","246","-3.968276","384","4.906291","318","-0.575379","516","3.442302","782","-0.621635"
"259",130,"incongruent","stroop","fz","274","1.946822","98","-3.972443","98","-3.972443","194","2.651701","294","-1.775327","274","1.946822","330","-1.433023","436","1.615664","726","2.174796"
"260",130,"incongruent","stroop","pz","312","8.731698","110","-2.20673","110","-2.20673","184","3.559504","232","0.5098","312","8.731698","352","5.710135","516","7.163752","734","5.248976"
"261",130,"incongruent","stroop","cz","310","4.958429","100","-3.633865","100","-3.633865","216","2.026299","232","0.104553","310","4.958429","352","2.589236","514","4.342191","724","4.979801"
"262",130,"incongruent","simon","fz","380","-0.730869","150","-4.713241","150","-4.713241","202","-0.331261","232","-2.94509","380","-0.730869","478","-4.588874","580","-2.241851","794","-0.800019"
"263",130,"incongruent","simon","pz","324","6.023325","148","-3.194253","148","-3.194253","206","2.043824","268","-2.249227","324","6.023325","426","1.782807","504","4.488247","622","2.376932"
"264",130,"incongruent","simon","cz","324","4.231651","148","-4.537189","148","-4.537189","206","1.459488","268","-2.031106","324","4.231651","428","0.956838","502","2.873443","604","1.202067"
"265",131,"incongruent","stroop","fz","330","5.458525","92","-11.177648","92","-11.177648","154","3.557026","248","-4.365897","330","5.458525","446","-8.602154","490","1.3225","786","-0.897876"
"266",131,"incongruent","stroop","pz","302","4.196386","94","-5.655577","94","-5.655577","154","1.978664","224","-3.787059","302","4.196386","416","-3.010887","476","0.54044","604","2.185226"
"267",131,"incongruent","stroop","cz","302","4.950844","92","-8.4106","92","-8.4106","154","2.480625","224","-3.04968","302","4.950844","416","-4.952446","488","0.411439","788","-0.779288"
"268",131,"incongruent","simon","fz","296","6.332091","88","-4.026882","88","-4.026882","182","0.46166","220","-2.051774","296","6.332091","410","1.514349","522","5.303018","616","0.184634"
"269",131,"incongruent","simon","pz","288","11.234008","92","-0.803602","92","-0.803602","178","0.043287","196","-0.878042","288","11.234008","416","2.797023","462","4.720449","614","1.641191"
"270",131,"incongruent","simon","cz","294","10.269425","90","-3.761227","90","-3.761227","140","-0.332971","220","-0.353948","294","10.269425","416","1.935072","464","5.485404","614","2.333673"
"271",132,"incongruent","stroop","fz","292","2.910681","100","-4.089467","100","-4.089467","238","2.842567","268","1.484731","292","2.910681","492","-5.3093","562","1.052329","736","3.498703"
"272",132,"incongruent","stroop","pz","340","5.45396","114","-2.193234","114","-2.193234","162","1.808305","246","-1.04143","340","5.45396","438","1.532333","508","6.36039","672","2.375897"
"273",132,"incongruent","stroop","cz","380","3.743298","102","-4.30294","102","-4.30294","240","2.61943","278","1.386447","380","3.743298","448","0.391769","540","5.450987","658","3.800147"
"274",132,"incongruent","simon","fz","340","3.517906","100","-5.965758","100","-5.965758","202","3.072392","250","-1.392132","340","3.517906","382","-2.919849","464","2.823005","772","3.051213"
"275",132,"incongruent","simon","pz","342","9.35445","112","-2.368313","112","-2.368313","142","1.825341","244","0.925598","342","9.35445","396","4.367608","482","8.731137","614","5.468798"
"276",132,"incongruent","simon","cz","340","7.374439","100","-5.085573","100","-5.085573","202","3.223034","252","1.252835","340","7.374439","396","1.686368","480","9.103557","612","5.458707"
